,Pclass,Age,SibSp,Parch,Fare,Sex_female,Sex_male,Embarked_C,Embarked_Q,Embarked_S,GB_pred,Log_pred,RF_pred,Xgb_pred
0,3.0,34.5,0.0,0.0,7.8292,0.0,1.0,0.0,1.0,0.0,0.8751,0.8974,0.94,0.9545999765396118
1,3.0,47.0,1.0,0.0,7.0,1.0,0.0,0.0,0.0,1.0,0.8608,0.6963,0.64,0.8808000087738037
2,2.0,62.0,0.0,0.0,9.6875,0.0,1.0,0.0,1.0,0.0,0.8949,0.8882,0.88,0.7688000202178955
3,3.0,27.0,0.0,0.0,8.6625,0.0,1.0,0.0,0.0,1.0,0.8584,0.9137,0.98,0.9850000143051147
4,3.0,22.0,1.0,1.0,12.2875,1.0,0.0,0.0,0.0,1.0,0.576,0.4371,0.54,0.7172999978065491
5,3.0,14.0,0.0,0.0,9.225,0.0,1.0,0.0,0.0,1.0,0.6869,0.8601,0.86,0.8623999953269958
6,3.0,30.0,0.0,0.0,7.6292,1.0,0.0,0.0,1.0,0.0,0.436,0.3233,0.684,0.5306000113487244
7,2.0,26.0,1.0,1.0,29.0,0.0,1.0,0.0,0.0,1.0,0.9219,0.8002,0.94,0.9763000011444092
8,3.0,18.0,0.0,0.0,7.2292,1.0,0.0,1.0,0.0,0.0,0.1521,0.2446,0.12,0.2092999964952469
9,3.0,21.0,2.0,0.0,24.15,0.0,1.0,0.0,0.0,1.0,0.9476,0.9434,0.9,0.9943000078201294
10,3.0,30.272590361445783,0.0,0.0,7.8958,0.0,1.0,0.0,0.0,1.0,0.9197,0.9239,1.0,0.9488999843597412
11,1.0,46.0,0.0,0.0,26.0,0.0,1.0,0.0,0.0,1.0,0.7257,0.6595,0.86,0.8801000118255615
12,1.0,23.0,1.0,0.0,82.2667,1.0,0.0,0.0,0.0,1.0,0.0822,0.065,0.0,0.020999999716877937
13,2.0,63.0,1.0,0.0,26.0,0.0,1.0,0.0,0.0,1.0,0.9018,0.9513,0.96,0.9563999772071838
14,1.0,47.0,1.0,0.0,61.175,1.0,0.0,0.0,0.0,1.0,0.0919,0.1594,0.02,0.04780000075697899
15,2.0,24.0,1.0,0.0,27.7208,1.0,0.0,1.0,0.0,0.0,0.1125,0.1454,0.02,0.07970000058412552
16,2.0,35.0,0.0,0.0,12.35,0.0,1.0,0.0,1.0,0.0,0.8345,0.7197,0.9633,0.9265000224113464
17,3.0,21.0,0.0,0.0,7.225,0.0,1.0,1.0,0.0,0.0,0.8327,0.8478,0.44,0.6025000214576721
18,3.0,27.0,1.0,0.0,7.925,1.0,0.0,0.0,0.0,1.0,0.3748,0.4982,0.76,0.840499997138977
19,3.0,45.0,0.0,0.0,7.225,1.0,0.0,1.0,0.0,0.0,0.5344,0.5006,0.4,0.7583000063896179
20,1.0,55.0,1.0,0.0,59.4,0.0,1.0,1.0,0.0,0.0,0.6581,0.7311,0.52,0.7407000064849854
21,3.0,9.0,0.0,1.0,3.1708,0.0,1.0,0.0,0.0,1.0,0.4712,0.8278,0.42,0.47369998693466187
22,1.0,30.272590361445783,0.0,0.0,31.6833,1.0,0.0,0.0,0.0,1.0,0.074,0.062,0.0,0.009700000286102295
23,1.0,21.0,0.0,1.0,61.3792,0.0,1.0,1.0,0.0,0.0,0.5914,0.3076,0.42,0.43380001187324524
24,1.0,48.0,1.0,3.0,262.375,1.0,0.0,1.0,0.0,0.0,0.0388,0.108,0.04,0.04340000078082085
25,3.0,50.0,1.0,0.0,14.5,0.0,1.0,0.0,0.0,1.0,0.9223,0.9753,1.0,0.9807999730110168
26,1.0,22.0,0.0,1.0,61.9792,1.0,0.0,1.0,0.0,0.0,0.0504,0.0296,0.0,0.00930000003427267
27,3.0,22.5,0.0,0.0,7.225,0.0,1.0,1.0,0.0,0.0,0.8239,0.8557,0.38,0.49790000915527344
28,1.0,41.0,0.0,0.0,30.5,0.0,1.0,0.0,0.0,1.0,0.5656,0.6111,0.42,0.2531000077724457
29,3.0,30.272590361445783,2.0,0.0,21.6792,0.0,1.0,1.0,0.0,0.0,0.9143,0.9432,0.9,0.8967999815940857
30,2.0,50.0,1.0,0.0,26.0,0.0,1.0,0.0,0.0,1.0,0.8833,0.9189,1.0,0.9587000012397766
31,2.0,24.0,2.0,0.0,31.5,0.0,1.0,0.0,0.0,1.0,0.8857,0.8445,0.96,0.9373999834060669
32,3.0,33.0,1.0,2.0,20.575,1.0,0.0,0.0,0.0,1.0,0.5942,0.5428,0.42,0.4059999883174896
33,3.0,30.272590361445783,1.0,2.0,23.45,1.0,0.0,0.0,0.0,1.0,0.6897,0.5144,0.88,0.8194000124931335
34,1.0,30.0,1.0,0.0,57.75,0.0,1.0,1.0,0.0,0.0,0.6259,0.4884,0.54,0.5946000218391418
35,3.0,18.5,0.0,0.0,7.2292,0.0,1.0,1.0,0.0,0.0,0.827,0.8338,0.46,0.696399986743927
36,3.0,30.272590361445783,0.0,0.0,8.05,1.0,0.0,0.0,0.0,1.0,0.494,0.4446,0.92,0.8689000010490417
37,3.0,21.0,0.0,0.0,8.6625,1.0,0.0,0.0,0.0,1.0,0.5803,0.3519,0.8,0.9459999799728394
38,3.0,25.0,0.0,0.0,9.5,0.0,1.0,0.0,0.0,1.0,0.9146,0.9069,1.0,0.9933000206947327
39,3.0,30.272590361445783,0.0,0.0,56.4958,0.0,1.0,0.0,0.0,1.0,0.8419,0.9241,0.74,0.7703999876976013
40,3.0,39.0,0.0,1.0,13.4167,0.0,1.0,1.0,0.0,0.0,0.8461,0.9194,0.72,0.9517999887466431
41,1.0,30.272590361445783,0.0,0.0,26.55,0.0,1.0,0.0,0.0,1.0,0.7177,0.5007,0.5567,0.42179998755455017
42,3.0,41.0,0.0,0.0,7.85,0.0,1.0,0.0,0.0,1.0,0.9177,0.9501,0.77,0.9368000030517578
43,2.0,30.0,0.0,0.0,13.0,1.0,0.0,0.0,0.0,1.0,0.1741,0.1853,0.0,0.0284000001847744
44,1.0,45.0,1.0,0.0,52.5542,1.0,0.0,0.0,0.0,1.0,0.0645,0.1485,0.02,0.03220000118017197
45,3.0,25.0,0.0,0.0,7.925,0.0,1.0,0.0,0.0,1.0,0.8773,0.9069,1.0,0.9739000201225281
46,1.0,45.0,0.0,0.0,29.7,0.0,1.0,1.0,0.0,0.0,0.4833,0.5567,0.38,0.6585000157356262
47,3.0,30.272590361445783,0.0,0.0,7.75,0.0,1.0,0.0,1.0,0.0,0.913,0.88,1.0,0.9751999974250793
48,1.0,60.0,0.0,0.0,76.2917,1.0,0.0,1.0,0.0,0.0,0.0675,0.1346,0.06,0.023099999874830246
49,3.0,36.0,0.0,2.0,15.9,1.0,0.0,0.0,0.0,1.0,0.5324,0.4862,0.44,0.5194000005722046
50,1.0,24.0,1.0,0.0,60.0,0.0,1.0,0.0,0.0,1.0,0.705,0.5236,0.8,0.880299985408783
51,2.0,27.0,0.0,0.0,15.0333,0.0,1.0,1.0,0.0,0.0,0.9038,0.6729,0.6,0.8349999785423279
52,2.0,20.0,2.0,1.0,23.0,1.0,0.0,0.0,0.0,1.0,0.1526,0.226,0.16,0.16030000150203705
53,1.0,28.0,3.0,2.0,263.0,1.0,0.0,0.0,0.0,1.0,0.1494,0.1399,0.06,0.23899999260902405
54,2.0,30.272590361445783,0.0,0.0,15.5792,0.0,1.0,1.0,0.0,0.0,0.8923,0.7023,0.66,0.8378000259399414
55,3.0,10.0,4.0,1.0,29.125,0.0,1.0,0.0,1.0,0.0,0.9054,0.9253,0.94,0.9722999930381775
56,3.0,35.0,0.0,0.0,7.8958,0.0,1.0,0.0,0.0,1.0,0.8753,0.9367,0.98,0.9829999804496765
57,3.0,25.0,0.0,0.0,7.65,0.0,1.0,0.0,0.0,1.0,0.9092,0.9069,1.0,0.948199987411499
58,3.0,30.272590361445783,1.0,0.0,16.1,0.0,1.0,0.0,0.0,1.0,0.9012,0.9453,1.0,0.9675999879837036
59,1.0,36.0,0.0,0.0,262.375,1.0,0.0,1.0,0.0,0.0,0.0468,0.0544,0.0,0.01899999938905239
60,3.0,17.0,0.0,0.0,7.8958,0.0,1.0,0.0,0.0,1.0,0.8835,0.8745,0.9,0.8583999872207642
61,2.0,32.0,0.0,0.0,13.5,0.0,1.0,0.0,0.0,1.0,0.7614,0.7895,0.6697,0.5371000170707703
62,3.0,18.0,0.0,0.0,7.75,0.0,1.0,0.0,0.0,1.0,0.9218,0.879,0.98,0.9570000171661377
63,3.0,22.0,0.0,0.0,7.725,1.0,0.0,0.0,1.0,0.0,0.2636,0.2548,0.5,0.16740000247955322
64,1.0,13.0,2.0,2.0,262.375,0.0,1.0,1.0,0.0,0.0,0.2653,0.3851,0.48,0.6571999788284302
65,2.0,30.272590361445783,0.0,0.0,21.0,1.0,0.0,0.0,0.0,1.0,0.1813,0.1871,0.02,0.053599998354911804
66,3.0,18.0,0.0,0.0,7.8792,1.0,0.0,0.0,1.0,0.0,0.2445,0.2243,0.1,0.06909999996423721
67,1.0,47.0,0.0,0.0,42.4,0.0,1.0,0.0,0.0,1.0,0.7362,0.669,1.0,0.9575999975204468
68,1.0,31.0,0.0,0.0,28.5375,0.0,1.0,1.0,0.0,0.0,0.4329,0.4114,0.64,0.597000002861023
69,1.0,60.0,1.0,4.0,263.0,1.0,0.0,0.0,0.0,1.0,0.0783,0.222,0.14,0.053300000727176666
70,3.0,24.0,0.0,0.0,7.75,1.0,0.0,0.0,1.0,0.0,0.2636,0.271,0.7182,0.22110000252723694
71,3.0,21.0,0.0,0.0,7.8958,0.0,1.0,0.0,0.0,1.0,0.9195,0.8917,0.98,0.9782000184059143
72,3.0,29.0,0.0,0.0,7.925,1.0,0.0,0.0,0.0,1.0,0.5019,0.4315,0.94,0.8277999758720398
73,1.0,28.5,0.0,0.0,27.7208,0.0,1.0,1.0,0.0,0.0,0.727,0.3864,0.8,0.8335999846458435
74,1.0,35.0,0.0,0.0,211.5,1.0,0.0,1.0,0.0,0.0,0.0468,0.0521,0.0,0.01759999990463257
75,1.0,32.5,0.0,0.0,211.5,0.0,1.0,1.0,0.0,0.0,0.4659,0.429,0.74,0.5217999815940857
76,3.0,30.272590361445783,0.0,0.0,8.05,0.0,1.0,0.0,0.0,1.0,0.8781,0.9239,1.0,0.8521999716758728
77,1.0,55.0,2.0,0.0,25.7,1.0,0.0,0.0,0.0,1.0,0.1284,0.2734,0.34,0.11819999665021896
78,2.0,30.0,0.0,0.0,13.0,0.0,1.0,0.0,0.0,1.0,0.8875,0.7753,1.0,0.8413000106811523
79,3.0,24.0,0.0,0.0,7.75,1.0,0.0,0.0,1.0,0.0,0.2636,0.271,0.7182,0.22110000252723694
80,3.0,6.0,1.0,1.0,15.2458,0.0,1.0,1.0,0.0,0.0,0.1514,0.8031,0.16,0.09189999848604202
81,1.0,67.0,1.0,0.0,221.7792,0.0,1.0,0.0,0.0,1.0,0.8253,0.8701,0.66,0.733299970626831
82,1.0,49.0,0.0,0.0,26.0,0.0,1.0,0.0,0.0,1.0,0.6696,0.6871,0.64,0.7921000123023987
83,3.0,30.272590361445783,0.0,0.0,7.8958,0.0,1.0,0.0,0.0,1.0,0.9197,0.9239,1.0,0.9488999843597412
84,2.0,30.272590361445783,0.0,0.0,10.7083,0.0,1.0,0.0,1.0,0.0,0.8477,0.6781,0.98,0.828499972820282
85,3.0,30.272590361445783,1.0,0.0,14.4542,0.0,1.0,1.0,0.0,0.0,0.9174,0.9211,0.88,0.9297999739646912
86,3.0,27.0,0.0,0.0,7.8792,1.0,0.0,0.0,1.0,0.0,0.2032,0.2965,0.02,0.0925000011920929
87,3.0,18.0,0.0,0.0,8.05,1.0,0.0,0.0,0.0,1.0,0.4263,0.3238,0.78,0.18250000476837158
88,3.0,30.272590361445783,0.0,0.0,7.75,1.0,0.0,0.0,1.0,0.0,0.3761,0.3258,0.661,0.6223000288009644
89,2.0,2.0,1.0,1.0,23.0,0.0,1.0,0.0,0.0,1.0,0.082,0.5945,0.02,0.04560000076889992
90,3.0,22.0,1.0,0.0,13.9,1.0,0.0,0.0,0.0,1.0,0.576,0.4461,0.72,0.9677000045776367
91,3.0,30.272590361445783,0.0,0.0,7.775,0.0,1.0,0.0,0.0,1.0,0.9477,0.9239,1.0,0.9797999858856201
92,1.0,27.0,1.0,2.0,52.0,1.0,0.0,0.0,0.0,1.0,0.0802,0.0709,0.04,0.05220000073313713
93,3.0,30.272590361445783,0.0,0.0,8.05,0.0,1.0,0.0,0.0,1.0,0.8781,0.9239,1.0,0.8521999716758728
94,1.0,25.0,0.0,0.0,26.0,0.0,1.0,1.0,0.0,0.0,0.6594,0.3522,0.72,0.6922000050544739
95,3.0,25.0,0.0,0.0,7.7958,0.0,1.0,0.0,0.0,1.0,0.8885,0.9069,0.92,0.9021000266075134
96,1.0,76.0,1.0,0.0,78.85,1.0,0.0,0.0,0.0,1.0,0.0341,0.3899,0.02,0.021700000390410423
97,3.0,29.0,0.0,0.0,7.925,0.0,1.0,0.0,0.0,1.0,0.8909,0.9201,0.81,0.9154999852180481
98,3.0,20.0,0.0,0.0,7.8542,1.0,0.0,0.0,0.0,1.0,0.5554,0.3424,0.56,0.4546000063419342
99,3.0,33.0,0.0,0.0,8.05,0.0,1.0,0.0,0.0,1.0,0.8153,0.9316,0.96,0.9460999965667725
100,1.0,43.0,1.0,0.0,55.4417,1.0,0.0,1.0,0.0,0.0,0.0848,0.0978,0.0,0.02449999935925007
101,2.0,27.0,1.0,0.0,26.0,0.0,1.0,0.0,0.0,1.0,0.8999,0.8124,0.88,0.9865000247955322
102,3.0,30.272590361445783,0.0,0.0,7.75,0.0,1.0,0.0,1.0,0.0,0.913,0.88,1.0,0.9751999974250793
103,3.0,26.0,0.0,0.0,7.775,0.0,1.0,0.0,0.0,1.0,0.9321,0.9104,1.0,0.9491999745368958
104,3.0,16.0,1.0,1.0,8.5167,1.0,0.0,1.0,0.0,0.0,0.279,0.2899,0.34,0.04749999940395355
105,3.0,28.0,0.0,0.0,22.525,0.0,1.0,0.0,0.0,1.0,0.8906,0.917,1.0,0.9901000261306763
106,3.0,21.0,0.0,0.0,7.8208,0.0,1.0,0.0,1.0,0.0,0.8612,0.8326,0.6,0.8896999955177307
107,3.0,30.272590361445783,0.0,0.0,7.75,0.0,1.0,0.0,1.0,0.0,0.913,0.88,1.0,0.9751999974250793
108,3.0,30.272590361445783,0.0,0.0,8.7125,0.0,1.0,0.0,0.0,1.0,0.9151,0.9239,0.86,0.8668000102043152
109,2.0,18.5,0.0,0.0,13.0,0.0,1.0,0.0,0.0,1.0,0.8845,0.6807,0.96,0.9388999938964844
110,2.0,41.0,0.0,0.0,15.0458,0.0,1.0,1.0,0.0,0.0,0.8833,0.787,0.86,0.9355999827384949
111,3.0,30.272590361445783,0.0,0.0,7.7792,1.0,0.0,0.0,1.0,0.0,0.3939,0.3258,0.4645,0.5767999887466431
112,1.0,36.0,0.0,0.0,31.6792,1.0,0.0,1.0,0.0,0.0,0.0609,0.0538,0.02,0.010700000450015068
113,3.0,18.5,0.0,0.0,7.2833,1.0,0.0,0.0,1.0,0.0,0.1787,0.228,0.64,0.39320001006126404
114,1.0,63.0,1.0,0.0,221.7792,1.0,0.0,0.0,0.0,1.0,0.0499,0.272,0.0,0.03720000013709068
115,3.0,18.0,1.0,0.0,14.4542,0.0,1.0,1.0,0.0,0.0,0.9018,0.8748,0.74,0.9467999935150146
116,3.0,30.272590361445783,0.0,0.0,6.4375,0.0,1.0,1.0,0.0,0.0,0.9161,0.8914,1.0,0.9593999981880188
117,3.0,1.0,1.0,1.0,16.7,1.0,0.0,0.0,0.0,1.0,0.1519,0.2439,0.16,0.09950000047683716
118,1.0,36.0,0.0,0.0,75.2417,0.0,1.0,1.0,0.0,0.0,0.4599,0.4635,0.74,0.5157999992370605
119,2.0,29.0,1.0,0.0,26.0,1.0,0.0,0.0,0.0,1.0,0.1438,0.2368,0.0,0.15809999406337738
120,2.0,12.0,0.0,0.0,15.75,1.0,0.0,0.0,0.0,1.0,0.0812,0.0967,0.176,0.060600001364946365
121,3.0,30.272590361445783,1.0,0.0,7.75,0.0,1.0,0.0,1.0,0.0,0.913,0.9125,1.0,0.960099995136261
122,1.0,35.0,1.0,0.0,57.75,1.0,0.0,1.0,0.0,0.0,0.055,0.072,0.0,0.006899999920278788
123,3.0,28.0,0.0,0.0,7.25,0.0,1.0,0.0,0.0,1.0,0.9244,0.9169,0.96,0.935699999332428
124,3.0,30.272590361445783,0.0,0.0,7.75,0.0,1.0,0.0,1.0,0.0,0.913,0.88,1.0,0.9751999974250793
125,3.0,17.0,0.0,1.0,16.1,1.0,0.0,0.0,0.0,1.0,0.4238,0.307,0.2,0.15549999475479126
126,3.0,22.0,0.0,0.0,7.7958,0.0,1.0,0.0,0.0,1.0,0.8885,0.8957,0.82,0.8991000056266785
127,3.0,30.272590361445783,2.0,0.0,23.25,1.0,0.0,0.0,1.0,0.0,0.4822,0.4945,0.28,0.12430000305175781
128,2.0,42.0,0.0,0.0,13.0,0.0,1.0,0.0,0.0,1.0,0.8781,0.8507,0.684,0.8004999756813049
129,3.0,24.0,0.0,0.0,8.05,0.0,1.0,0.0,0.0,1.0,0.8773,0.9033,1.0,0.9824000000953674
130,3.0,32.0,0.0,0.0,8.05,0.0,1.0,0.0,0.0,1.0,0.7542,0.9288,0.265,0.5235000252723694
131,1.0,53.0,0.0,0.0,28.5,0.0,1.0,1.0,0.0,0.0,0.8031,0.6371,0.82,0.9180999994277954
132,3.0,30.272590361445783,0.0,4.0,25.4667,1.0,0.0,0.0,0.0,1.0,0.7107,0.4091,0.86,0.7178000211715698
133,3.0,30.272590361445783,1.0,0.0,6.4375,0.0,1.0,1.0,0.0,0.0,0.9161,0.9211,0.96,0.9369000196456909
134,3.0,43.0,0.0,0.0,7.8958,0.0,1.0,0.0,0.0,1.0,0.9177,0.9539,0.96,0.9605000019073486
135,3.0,24.0,0.0,0.0,7.8542,0.0,1.0,0.0,0.0,1.0,0.9148,0.9033,1.0,0.9545000195503235
136,3.0,26.5,0.0,0.0,7.225,0.0,1.0,1.0,0.0,0.0,0.8826,0.8752,0.92,0.353300005197525
137,2.0,26.0,0.0,0.0,13.0,0.0,1.0,0.0,0.0,1.0,0.9197,0.7448,1.0,0.9772999882698059
138,3.0,23.0,0.0,0.0,8.05,1.0,0.0,0.0,0.0,1.0,0.4902,0.3712,0.86,0.9121999740600586
139,3.0,40.0,1.0,6.0,46.9,0.0,1.0,0.0,0.0,1.0,0.8027,0.9543,0.98,0.9261000156402588
140,3.0,10.0,5.0,2.0,46.9,1.0,0.0,0.0,0.0,1.0,0.9299,0.6499,0.96,0.9825999736785889
141,1.0,33.0,0.0,0.0,151.55,1.0,0.0,0.0,0.0,1.0,0.0636,0.0694,0.0,0.023000000044703484
142,1.0,61.0,1.0,3.0,262.375,0.0,1.0,1.0,0.0,0.0,0.6681,0.7599,0.84,0.7145000100135803
143,2.0,28.0,0.0,0.0,26.0,0.0,1.0,0.0,0.0,1.0,0.8973,0.7605,1.0,0.9868999719619751
144,1.0,42.0,0.0,0.0,26.55,0.0,1.0,0.0,0.0,1.0,0.7159,0.621,0.55,0.28209999203681946
145,3.0,31.0,3.0,0.0,18.0,0.0,1.0,0.0,0.0,1.0,0.9105,0.973,0.96,0.9611999988555908
146,1.0,30.272590361445783,0.0,0.0,51.8625,0.0,1.0,0.0,0.0,1.0,0.6662,0.5011,1.0,0.8871999979019165
147,3.0,22.0,0.0,0.0,8.05,0.0,1.0,0.0,0.0,1.0,0.8773,0.8957,1.0,0.9761999845504761
148,1.0,30.272590361445783,0.0,0.0,26.55,0.0,1.0,0.0,0.0,1.0,0.7177,0.5007,0.5567,0.42179998755455017
149,2.0,30.0,1.0,1.0,26.0,0.0,1.0,0.0,0.0,1.0,0.8882,0.8256,0.8,0.9682999849319458
150,1.0,23.0,0.0,1.0,83.1583,1.0,0.0,1.0,0.0,0.0,0.0585,0.0309,0.0,0.007300000172108412
151,3.0,30.272590361445783,0.0,0.0,7.8958,0.0,1.0,1.0,0.0,0.0,0.8794,0.8914,0.96,0.8762999773025513
152,3.0,60.5,0.0,0.0,35.627188489208635,0.0,1.0,0.0,0.0,1.0,0.9098,0.9773,0.78,0.8489000201225281
153,3.0,36.0,0.0,2.0,12.1833,1.0,0.0,0.0,0.0,1.0,0.5962,0.4861,0.42,0.7425000071525574
154,3.0,13.0,4.0,2.0,31.3875,0.0,1.0,0.0,0.0,1.0,0.9206,0.9573,0.94,0.9674000144004822
155,3.0,24.0,0.0,0.0,7.55,0.0,1.0,0.0,0.0,1.0,0.9092,0.9033,0.96,0.9340999722480774
156,1.0,29.0,0.0,0.0,221.7792,1.0,0.0,0.0,0.0,1.0,0.0749,0.0595,0.0,0.053300000727176666
157,3.0,23.0,0.0,0.0,7.8542,1.0,0.0,0.0,0.0,1.0,0.5401,0.3712,0.52,0.7026000022888184
158,1.0,42.0,0.0,0.0,26.55,0.0,1.0,0.0,0.0,1.0,0.7159,0.621,0.55,0.28209999203681946
159,3.0,26.0,0.0,2.0,13.775,1.0,0.0,0.0,0.0,1.0,0.6707,0.3837,0.28,0.5882999897003174
160,3.0,30.272590361445783,0.0,0.0,7.7333,1.0,0.0,0.0,1.0,0.0,0.3761,0.3258,0.528,0.5347999930381775
161,3.0,7.0,1.0,1.0,15.2458,0.0,1.0,1.0,0.0,0.0,0.2234,0.8096,0.18,0.14880000054836273
162,2.0,26.0,0.0,0.0,13.5,1.0,0.0,0.0,0.0,1.0,0.2317,0.1613,0.28,0.265500009059906
163,3.0,30.272590361445783,0.0,0.0,7.0,0.0,1.0,0.0,0.0,1.0,0.9522,0.9239,0.8,0.9671000242233276
164,2.0,41.0,0.0,0.0,13.0,0.0,1.0,0.0,0.0,1.0,0.8781,0.8453,0.709,0.8889999985694885
165,3.0,26.0,1.0,1.0,22.025,1.0,0.0,0.0,0.0,1.0,0.5952,0.4788,0.44,0.9254000186920166
166,1.0,48.0,0.0,0.0,50.4958,0.0,1.0,1.0,0.0,0.0,0.5171,0.5877,0.5,0.7210000157356262
167,3.0,18.0,2.0,2.0,34.375,0.0,1.0,0.0,0.0,1.0,0.9344,0.9319,0.96,0.9735999703407288
168,1.0,30.272590361445783,0.0,0.0,27.7208,1.0,0.0,1.0,0.0,0.0,0.0758,0.0428,0.06,0.04470000043511391
169,3.0,22.0,0.0,0.0,8.9625,1.0,0.0,0.0,0.0,1.0,0.5653,0.3615,0.86,0.9420999884605408
170,3.0,30.272590361445783,0.0,0.0,7.55,0.0,1.0,0.0,0.0,1.0,0.9477,0.9239,1.0,0.9837999939918518
171,3.0,27.0,0.0,0.0,7.225,0.0,1.0,1.0,0.0,0.0,0.7566,0.8774,0.88,0.353300005197525
172,3.0,23.0,1.0,0.0,13.9,0.0,1.0,0.0,0.0,1.0,0.9179,0.9272,1.0,0.9966999888420105
173,3.0,30.272590361445783,0.0,0.0,7.2292,0.0,1.0,1.0,0.0,0.0,0.9085,0.8914,0.936,0.953499972820282
174,3.0,40.0,1.0,5.0,31.3875,0.0,1.0,0.0,0.0,1.0,0.7558,0.9558,1.0,0.8036999702453613
175,2.0,15.0,0.0,2.0,39.0,1.0,0.0,0.0,0.0,1.0,0.0892,0.1015,0.04,0.021900000050663948
176,2.0,20.0,0.0,0.0,36.75,1.0,0.0,0.0,0.0,1.0,0.1162,0.1303,0.0,0.03449999913573265
177,1.0,54.0,1.0,0.0,55.4417,0.0,1.0,1.0,0.0,0.0,0.6987,0.7227,0.54,0.6265000104904175
178,2.0,36.0,0.0,3.0,39.0,1.0,0.0,0.0,0.0,1.0,0.0986,0.2078,0.08,0.023399999365210533
179,1.0,64.0,0.0,2.0,83.1583,1.0,0.0,1.0,0.0,0.0,0.0639,0.146,0.02,0.04989999905228615
180,2.0,30.0,0.0,0.0,13.0,0.0,1.0,0.0,0.0,1.0,0.8875,0.7753,1.0,0.8413000106811523
181,1.0,37.0,1.0,1.0,83.1583,0.0,1.0,1.0,0.0,0.0,0.5073,0.5527,0.34,0.3555999994277954
182,1.0,18.0,1.0,0.0,53.1,1.0,0.0,0.0,0.0,1.0,0.0846,0.0533,0.0,0.04639999940991402
183,3.0,30.272590361445783,0.0,0.0,7.75,0.0,1.0,0.0,1.0,0.0,0.913,0.88,1.0,0.9751999974250793
184,1.0,27.0,1.0,1.0,247.5208,1.0,0.0,1.0,0.0,0.0,0.0746,0.0513,0.04,0.08460000157356262
185,2.0,40.0,0.0,0.0,16.0,0.0,1.0,0.0,0.0,1.0,0.8613,0.8398,0.99,0.9380999803543091
186,2.0,21.0,0.0,1.0,21.0,1.0,0.0,0.0,0.0,1.0,0.2032,0.1308,0.0333,0.07850000262260437
187,3.0,17.0,2.0,0.0,8.05,0.0,1.0,0.0,0.0,1.0,0.899,0.9337,0.78,0.5400999784469604
188,3.0,30.272590361445783,8.0,2.0,69.55,1.0,0.0,0.0,0.0,1.0,0.8896,0.9259,0.92,0.910099983215332
189,2.0,40.0,0.0,0.0,13.0,0.0,1.0,0.0,0.0,1.0,0.8781,0.8398,0.92,0.8891000151634216
190,2.0,34.0,1.0,0.0,26.0,0.0,1.0,0.0,0.0,1.0,0.8221,0.853,0.86,0.8474000096321106
191,1.0,30.272590361445783,0.0,0.0,26.0,0.0,1.0,0.0,0.0,1.0,0.7274,0.5007,0.9333,0.7501999735832214
192,3.0,11.5,1.0,1.0,14.5,0.0,1.0,0.0,0.0,1.0,0.5821,0.8836,0.18,0.5271999835968018
193,2.0,61.0,0.0,0.0,12.35,0.0,1.0,0.0,1.0,0.0,0.9004,0.884,0.9,0.8920000195503235
194,2.0,8.0,0.0,2.0,32.5,0.0,1.0,0.0,0.0,1.0,0.1678,0.5611,0.14,0.03999999910593033
195,3.0,33.0,0.0,0.0,7.8542,0.0,1.0,0.0,0.0,1.0,0.8753,0.9316,0.58,0.9463000297546387
196,1.0,6.0,0.0,2.0,134.5,0.0,1.0,1.0,0.0,0.0,0.0869,0.1867,0.26,0.051600001752376556
197,3.0,18.0,0.0,0.0,7.775,1.0,0.0,0.0,0.0,1.0,0.5209,0.3238,0.74,0.6571000218391418
198,2.0,23.0,0.0,0.0,10.5,0.0,1.0,0.0,0.0,1.0,0.8931,0.7201,0.96,0.9843000173568726
199,3.0,30.272590361445783,0.0,0.0,8.1125,1.0,0.0,0.0,0.0,1.0,0.2226,0.4446,0.92,0.6553999781608582
200,3.0,30.272590361445783,0.0,0.0,15.5,1.0,0.0,0.0,1.0,0.0,0.4156,0.3259,0.32,0.21610000729560852
201,3.0,0.33,0.0,2.0,14.4,0.0,1.0,0.0,0.0,1.0,0.0639,0.7633,0.02,0.03889999911189079
202,1.0,47.0,1.0,0.0,227.525,0.0,1.0,1.0,0.0,0.0,0.6635,0.6624,0.74,0.705299973487854
203,2.0,8.0,1.0,1.0,26.0,1.0,0.0,0.0,0.0,1.0,0.0742,0.1105,0.02,0.08420000225305557
204,2.0,25.0,0.0,0.0,10.5,0.0,1.0,0.0,0.0,1.0,0.8931,0.7367,0.98,0.9851999878883362
205,1.0,30.272590361445783,0.0,0.0,25.7417,0.0,1.0,1.0,0.0,0.0,0.6479,0.4041,0.78,0.6965000033378601
206,3.0,35.0,0.0,0.0,7.75,1.0,0.0,0.0,1.0,0.0,0.4676,0.3707,0.713,0.7753999829292297
207,2.0,24.0,0.0,0.0,10.5,0.0,1.0,0.0,0.0,1.0,0.8931,0.7285,0.98,0.9860000014305115
208,1.0,33.0,0.0,0.0,27.7208,1.0,0.0,1.0,0.0,0.0,0.0645,0.0477,0.06,0.037700001150369644
209,3.0,25.0,0.0,0.0,7.8958,0.0,1.0,0.0,0.0,1.0,0.9148,0.9069,1.0,0.9847000241279602
210,3.0,32.0,0.0,0.0,22.525,0.0,1.0,0.0,0.0,1.0,0.741,0.9289,0.686,0.5853999853134155
211,3.0,30.272590361445783,0.0,0.0,7.05,0.0,1.0,0.0,0.0,1.0,0.9522,0.9239,1.0,0.9745000004768372
212,2.0,17.0,0.0,0.0,73.5,0.0,1.0,0.0,0.0,1.0,0.7998,0.6676,0.9,0.9381999969482422
213,2.0,60.0,1.0,0.0,26.0,1.0,0.0,0.0,0.0,1.0,0.1898,0.5318,0.44,0.16509999334812164
214,3.0,38.0,4.0,2.0,7.775,1.0,0.0,0.0,0.0,1.0,0.9234,0.8079,0.52,0.9641000032424927
215,1.0,42.0,0.0,0.0,42.5,0.0,1.0,0.0,0.0,1.0,0.7362,0.6212,0.9,0.8766999840736389
216,3.0,30.272590361445783,0.0,0.0,7.8792,1.0,0.0,0.0,1.0,0.0,0.3036,0.3258,0.38,0.17470000684261322
217,1.0,57.0,1.0,1.0,164.8667,0.0,1.0,0.0,0.0,1.0,0.7976,0.8091,0.72,0.7832000255584717
218,1.0,50.0,1.0,1.0,211.5,1.0,0.0,1.0,0.0,0.0,0.0632,0.1238,0.0,0.0575999990105629
219,3.0,30.272590361445783,0.0,0.0,8.05,0.0,1.0,0.0,0.0,1.0,0.8781,0.9239,1.0,0.8521999716758728
220,2.0,30.0,1.0,0.0,13.8583,1.0,0.0,1.0,0.0,0.0,0.1704,0.1794,0.14,0.10209999978542328
221,3.0,21.0,0.0,0.0,8.05,0.0,1.0,0.0,0.0,1.0,0.8838,0.8917,1.0,0.9555000066757202
222,2.0,22.0,0.0,0.0,10.5,1.0,0.0,0.0,0.0,1.0,0.1859,0.1399,0.2293,0.19760000705718994
223,3.0,21.0,0.0,0.0,7.7958,0.0,1.0,0.0,0.0,1.0,0.8944,0.8917,0.4,0.8741000294685364
224,1.0,53.0,0.0,0.0,27.4458,1.0,0.0,1.0,0.0,0.0,0.1952,0.1037,0.4,0.2085999995470047
225,3.0,30.272590361445783,0.0,2.0,15.2458,1.0,0.0,1.0,0.0,0.0,0.5104,0.3348,0.86,0.7558000087738037
226,3.0,23.0,0.0,0.0,7.7958,0.0,1.0,0.0,0.0,1.0,0.8885,0.8996,0.94,0.9336000084877014
227,3.0,30.272590361445783,0.0,0.0,7.75,1.0,0.0,0.0,1.0,0.0,0.3761,0.3258,0.661,0.6223000288009644
228,3.0,40.5,0.0,0.0,15.1,0.0,1.0,0.0,0.0,1.0,0.918,0.9491,0.97,0.9860000014305115
229,2.0,36.0,0.0,0.0,13.0,0.0,1.0,0.0,0.0,1.0,0.8349,0.816,0.9285,0.9344000220298767
230,2.0,14.0,0.0,0.0,65.0,0.0,1.0,0.0,0.0,1.0,0.5986,0.6391,0.86,0.8396000266075134
231,1.0,21.0,0.0,0.0,26.55,1.0,0.0,0.0,0.0,1.0,0.1006,0.0429,0.0,0.05849999934434891
232,3.0,21.0,1.0,0.0,6.4958,0.0,1.0,0.0,0.0,1.0,0.928,0.9213,0.76,0.897599995136261
233,3.0,30.272590361445783,0.0,0.0,7.8792,0.0,1.0,0.0,1.0,0.0,0.8782,0.88,0.98,0.8468000292778015
234,1.0,39.0,1.0,0.0,71.2833,0.0,1.0,1.0,0.0,0.0,0.5724,0.582,0.34,0.35850000381469727
235,3.0,20.0,0.0,0.0,7.8542,0.0,1.0,0.0,0.0,1.0,0.9195,0.8876,0.98,0.8884000182151794
236,1.0,64.0,1.0,0.0,75.25,0.0,1.0,1.0,0.0,0.0,0.7195,0.7986,0.42,0.6898999810218811
237,3.0,20.0,0.0,0.0,7.225,0.0,1.0,1.0,0.0,0.0,0.8473,0.8423,0.44,0.5957000255584717
238,2.0,18.0,1.0,1.0,13.0,1.0,0.0,0.0,0.0,1.0,0.1929,0.1587,0.3533,0.14659999310970306
239,1.0,48.0,1.0,0.0,106.425,1.0,0.0,1.0,0.0,0.0,0.0378,0.1182,0.02,0.011699999682605267
240,1.0,55.0,0.0,0.0,27.7208,1.0,0.0,1.0,0.0,0.0,0.1952,0.1118,0.4,0.2289000004529953
241,2.0,45.0,0.0,2.0,30.0,1.0,0.0,0.0,0.0,1.0,0.0926,0.2839,0.0,0.05429999902844429
242,1.0,45.0,1.0,1.0,134.5,0.0,1.0,1.0,0.0,0.0,0.5667,0.6339,0.8,0.5893999934196472
243,3.0,30.272590361445783,0.0,0.0,7.8875,0.0,1.0,0.0,0.0,1.0,0.9197,0.9239,1.0,0.9488999843597412
244,3.0,30.272590361445783,1.0,2.0,23.45,0.0,1.0,0.0,0.0,1.0,0.9122,0.9414,1.0,0.9571999907493591
245,1.0,41.0,1.0,0.0,51.8625,0.0,1.0,0.0,0.0,1.0,0.6829,0.6911,0.66,0.6651999950408936
246,2.0,22.0,0.0,0.0,21.0,1.0,0.0,0.0,0.0,1.0,0.1935,0.14,0.0993,0.2295999974012375
247,2.0,42.0,1.0,1.0,32.5,0.0,1.0,0.0,0.0,1.0,0.8693,0.8867,0.96,0.79339998960495
248,2.0,29.0,1.0,0.0,26.0,1.0,0.0,0.0,0.0,1.0,0.1438,0.2368,0.0,0.15809999406337738
249,3.0,30.272590361445783,1.0,0.0,14.4542,1.0,0.0,1.0,0.0,0.0,0.5024,0.435,0.92,0.8894000053405762
250,2.0,0.92,1.0,2.0,27.75,1.0,0.0,0.0,0.0,1.0,0.2075,0.0818,0.22,0.06939999759197235
251,3.0,20.0,0.0,0.0,7.925,0.0,1.0,0.0,0.0,1.0,0.8838,0.8876,0.96,0.8034999966621399
252,1.0,27.0,1.0,0.0,136.7792,0.0,1.0,1.0,0.0,0.0,0.7737,0.4582,0.8,0.6872000098228455
253,3.0,24.0,0.0,0.0,9.325,0.0,1.0,0.0,0.0,1.0,0.9146,0.9033,1.0,0.9965999722480774
254,3.0,32.5,0.0,0.0,9.5,0.0,1.0,0.0,0.0,1.0,0.8417,0.9302,0.52,0.9447000026702881
255,3.0,30.272590361445783,0.0,0.0,7.55,0.0,1.0,0.0,0.0,1.0,0.9477,0.9239,1.0,0.9837999939918518
256,3.0,30.272590361445783,0.0,0.0,7.75,0.0,1.0,0.0,1.0,0.0,0.913,0.88,1.0,0.9751999974250793
257,3.0,28.0,0.0,0.0,8.05,0.0,1.0,0.0,0.0,1.0,0.8972,0.917,1.0,0.9707000255584717
258,2.0,19.0,0.0,0.0,13.0,1.0,0.0,0.0,0.0,1.0,0.173,0.1255,0.2708,0.13279999792575836
259,3.0,21.0,0.0,0.0,7.775,0.0,1.0,0.0,0.0,1.0,0.9142,0.8917,0.94,0.9789000153541565
260,3.0,36.5,1.0,0.0,17.4,0.0,1.0,0.0,0.0,1.0,0.8741,0.9573,1.0,0.9846000075340271
261,3.0,21.0,0.0,0.0,7.8542,0.0,1.0,0.0,0.0,1.0,0.9195,0.8917,0.96,0.9366000294685364
262,2.0,29.0,0.0,2.0,23.0,1.0,0.0,0.0,0.0,1.0,0.108,0.1686,0.0,0.052400000393390656
263,3.0,1.0,1.0,1.0,12.1833,1.0,0.0,0.0,0.0,1.0,0.1885,0.2438,0.1,0.03610000014305115
264,2.0,30.0,0.0,0.0,12.7375,0.0,1.0,1.0,0.0,0.0,0.8567,0.6999,0.6,0.597599983215332
265,3.0,30.272590361445783,0.0,0.0,7.8958,0.0,1.0,0.0,0.0,1.0,0.9197,0.9239,1.0,0.9488999843597412
266,1.0,30.272590361445783,0.0,0.0,0.0,0.0,1.0,0.0,0.0,1.0,0.8662,0.5004,0.98,0.9455999732017517
267,3.0,30.272590361445783,0.0,0.0,7.55,0.0,1.0,0.0,0.0,1.0,0.9477,0.9239,1.0,0.9837999939918518
268,3.0,30.272590361445783,0.0,0.0,8.05,1.0,0.0,0.0,0.0,1.0,0.494,0.4446,0.92,0.8689000010490417
269,3.0,17.0,0.0,0.0,8.6625,0.0,1.0,0.0,0.0,1.0,0.8779,0.8745,1.0,0.9430999755859375
270,1.0,46.0,0.0,0.0,75.2417,0.0,1.0,1.0,0.0,0.0,0.5915,0.5676,0.54,0.7749000191688538
271,3.0,30.272590361445783,0.0,0.0,7.75,0.0,1.0,0.0,1.0,0.0,0.913,0.88,1.0,0.9751999974250793
272,1.0,26.0,1.0,0.0,136.7792,1.0,0.0,1.0,0.0,0.0,0.1131,0.0507,0.02,0.03200000151991844
273,3.0,30.272590361445783,1.0,0.0,15.5,1.0,0.0,0.0,1.0,0.0,0.4395,0.4074,0.28,0.3799000084400177
274,3.0,30.272590361445783,0.0,0.0,7.225,0.0,1.0,1.0,0.0,0.0,0.9085,0.8914,1.0,0.9641000032424927
275,2.0,20.0,1.0,0.0,26.0,1.0,0.0,0.0,0.0,1.0,0.1711,0.1756,0.02,0.14730000495910645
276,2.0,28.0,0.0,0.0,10.5,0.0,1.0,0.0,0.0,1.0,0.9107,0.7603,1.0,0.9534000158309937
277,2.0,40.0,1.0,0.0,26.0,0.0,1.0,0.0,0.0,1.0,0.8874,0.8818,0.94,0.9459999799728394
278,2.0,30.0,1.0,0.0,21.0,0.0,1.0,0.0,0.0,1.0,0.9109,0.8307,0.92,0.9843999743461609
279,2.0,22.0,0.0,0.0,10.5,0.0,1.0,0.0,0.0,1.0,0.8931,0.7116,0.96,0.9846000075340271
280,3.0,23.0,0.0,0.0,8.6625,1.0,0.0,0.0,0.0,1.0,0.5653,0.3712,0.86,0.9674999713897705
281,3.0,0.75,1.0,1.0,13.775,0.0,1.0,0.0,0.0,1.0,0.0674,0.8288,0.06,0.04360000044107437
282,3.0,30.272590361445783,0.0,0.0,7.75,1.0,0.0,0.0,1.0,0.0,0.3761,0.3258,0.661,0.6223000288009644
283,3.0,9.0,1.0,1.0,15.2458,1.0,0.0,1.0,0.0,0.0,0.3517,0.2336,0.72,0.6001999974250793
284,3.0,2.0,1.0,1.0,20.2125,1.0,0.0,0.0,0.0,1.0,0.2592,0.2517,0.22,0.26980000734329224
285,3.0,36.0,0.0,0.0,7.25,0.0,1.0,0.0,0.0,1.0,0.9282,0.9391,1.0,0.9955000281333923
286,3.0,30.272590361445783,0.0,0.0,7.25,0.0,1.0,0.0,0.0,1.0,0.9477,0.9239,1.0,0.9842000007629395
287,1.0,24.0,1.0,0.0,82.2667,0.0,1.0,0.0,0.0,1.0,0.705,0.5238,0.8,0.861299991607666
288,3.0,30.272590361445783,0.0,0.0,7.2292,0.0,1.0,1.0,0.0,0.0,0.9085,0.8914,0.936,0.953499972820282
289,3.0,30.272590361445783,0.0,0.0,8.05,0.0,1.0,0.0,0.0,1.0,0.8781,0.9239,1.0,0.8521999716758728
290,1.0,30.272590361445783,0.0,0.0,39.6,0.0,1.0,0.0,0.0,1.0,0.7271,0.5009,0.82,0.853600025177002
291,3.0,30.0,0.0,0.0,6.95,1.0,0.0,0.0,1.0,0.0,0.7073,0.3233,0.78,0.571399986743927
292,3.0,30.272590361445783,0.0,0.0,7.2292,0.0,1.0,1.0,0.0,0.0,0.9085,0.8914,0.936,0.953499972820282
293,1.0,53.0,1.0,1.0,81.8583,0.0,1.0,0.0,0.0,1.0,0.6229,0.7812,0.8,0.7975999712944031
294,3.0,36.0,0.0,0.0,9.5,0.0,1.0,0.0,0.0,1.0,0.8792,0.9391,0.94,0.9750000238418579
295,3.0,26.0,0.0,0.0,7.8958,0.0,1.0,0.0,0.0,1.0,0.9364,0.9104,1.0,0.9693999886512756
296,2.0,1.0,1.0,2.0,41.5792,1.0,0.0,1.0,0.0,0.0,0.1283,0.057,0.12,0.06750000268220901
297,3.0,30.272590361445783,2.0,0.0,21.6792,0.0,1.0,1.0,0.0,0.0,0.9143,0.9432,0.9,0.8967999815940857
298,1.0,30.0,0.0,0.0,45.5,0.0,1.0,0.0,0.0,1.0,0.7271,0.4981,1.0,0.9218999743461609
299,3.0,29.0,0.0,0.0,7.8542,0.0,1.0,0.0,0.0,1.0,0.9246,0.9201,0.9,0.8454999923706055
300,3.0,32.0,0.0,0.0,7.775,0.0,1.0,0.0,0.0,1.0,0.9043,0.9288,0.78,0.957099974155426
301,2.0,30.272590361445783,0.0,0.0,15.0458,0.0,1.0,1.0,0.0,0.0,0.8923,0.7023,0.68,0.8769999742507935
302,2.0,43.0,0.0,1.0,21.0,0.0,1.0,0.0,0.0,1.0,0.8943,0.8515,0.9267,0.9569000005722046
303,3.0,24.0,0.0,0.0,8.6625,0.0,1.0,0.0,0.0,1.0,0.9146,0.9033,1.0,0.9973000288009644
304,3.0,30.272590361445783,0.0,0.0,7.75,1.0,0.0,0.0,1.0,0.0,0.3761,0.3258,0.661,0.6223000288009644
305,1.0,64.0,1.0,1.0,26.55,1.0,0.0,0.0,0.0,1.0,0.1172,0.2711,0.04,0.0794999971985817
306,1.0,30.0,1.0,2.0,151.55,0.0,1.0,0.0,0.0,1.0,0.8214,0.5688,0.46,0.8648999929428101
307,3.0,0.83,0.0,1.0,9.35,0.0,1.0,0.0,0.0,1.0,0.0641,0.7735,0.14,0.03440000116825104
308,1.0,55.0,1.0,1.0,93.5,0.0,1.0,0.0,0.0,1.0,0.5937,0.7953,0.74,0.7423999905586243
309,3.0,45.0,1.0,0.0,14.1083,1.0,0.0,0.0,0.0,1.0,0.7565,0.6784,0.74,0.9160000085830688
310,3.0,18.0,0.0,0.0,8.6625,0.0,1.0,0.0,0.0,1.0,0.9075,0.879,0.98,0.9503999948501587
311,3.0,22.0,0.0,0.0,7.225,0.0,1.0,1.0,0.0,0.0,0.8239,0.8531,0.38,0.4397999942302704
312,3.0,30.272590361445783,0.0,0.0,7.575,0.0,1.0,0.0,0.0,1.0,0.9477,0.9239,1.0,0.9837999939918518
313,3.0,37.0,0.0,0.0,7.75,1.0,0.0,0.0,1.0,0.0,0.6265,0.3904,0.733,0.892799973487854
314,1.0,55.0,0.0,0.0,135.6333,1.0,0.0,1.0,0.0,0.0,0.0678,0.1123,0.06,0.02850000001490116
315,3.0,17.0,0.0,0.0,7.7333,1.0,0.0,0.0,1.0,0.0,0.2485,0.2171,0.14,0.27970001101493835
316,1.0,57.0,1.0,0.0,146.5208,0.0,1.0,1.0,0.0,0.0,0.7329,0.7481,0.8,0.5644000172615051
317,2.0,19.0,0.0,0.0,10.5,0.0,1.0,0.0,0.0,1.0,0.8845,0.6852,0.42,0.7935000061988831
318,3.0,27.0,0.0,0.0,7.8542,0.0,1.0,0.0,0.0,1.0,0.8588,0.9137,0.86,0.7253000140190125
319,2.0,22.0,2.0,0.0,31.5,0.0,1.0,0.0,0.0,1.0,0.8857,0.8332,0.96,0.935699999332428
320,3.0,26.0,0.0,0.0,7.775,0.0,1.0,0.0,0.0,1.0,0.9321,0.9104,1.0,0.9491999745368958
321,3.0,25.0,0.0,0.0,7.2292,0.0,1.0,1.0,0.0,0.0,0.8458,0.8681,0.92,0.6323999762535095
322,2.0,26.0,0.0,0.0,13.0,0.0,1.0,0.0,0.0,1.0,0.9197,0.7448,1.0,0.9772999882698059
323,1.0,33.0,0.0,0.0,26.55,0.0,1.0,0.0,0.0,1.0,0.5966,0.5292,0.135,0.09690000116825104
324,1.0,39.0,0.0,0.0,211.3375,1.0,0.0,0.0,0.0,1.0,0.056,0.0877,0.0,0.02459999918937683
325,3.0,23.0,0.0,0.0,7.05,0.0,1.0,0.0,0.0,1.0,0.9167,0.8996,0.98,0.8794999718666077
326,2.0,12.0,2.0,1.0,39.0,1.0,0.0,0.0,0.0,1.0,0.1295,0.1729,0.06,0.09889999777078629
327,1.0,46.0,0.0,0.0,79.2,0.0,1.0,1.0,0.0,0.0,0.5219,0.5677,0.54,0.7404999732971191
328,2.0,29.0,1.0,0.0,26.0,0.0,1.0,0.0,0.0,1.0,0.891,0.8248,0.68,0.9858999848365784
329,2.0,21.0,0.0,0.0,13.0,0.0,1.0,0.0,0.0,1.0,0.8989,0.703,1.0,0.9905999898910522
330,2.0,48.0,0.0,2.0,36.75,1.0,0.0,0.0,0.0,1.0,0.1002,0.3101,0.04,0.032499998807907104
331,1.0,39.0,0.0,0.0,29.7,0.0,1.0,1.0,0.0,0.0,0.4395,0.4942,0.34,0.5103999972343445
332,3.0,30.272590361445783,0.0,0.0,7.225,0.0,1.0,1.0,0.0,0.0,0.9085,0.8914,1.0,0.9641000032424927
333,3.0,19.0,1.0,1.0,15.7417,1.0,0.0,1.0,0.0,0.0,0.2727,0.3165,0.54,0.30169999599456787
334,3.0,27.0,0.0,0.0,7.8958,0.0,1.0,0.0,0.0,1.0,0.8588,0.9137,0.9,0.933899998664856
335,1.0,30.0,0.0,0.0,26.0,0.0,1.0,0.0,0.0,1.0,0.7274,0.4979,0.9333,0.7501999735832214
336,2.0,32.0,0.0,0.0,13.0,0.0,1.0,0.0,0.0,1.0,0.7614,0.7895,0.4247,0.47679999470710754
337,3.0,39.0,0.0,2.0,7.2292,0.0,1.0,1.0,0.0,0.0,0.9405,0.9166,0.8893,0.9897000193595886
338,2.0,25.0,0.0,0.0,31.5,0.0,1.0,0.0,0.0,1.0,0.8382,0.7369,0.92,0.9190000295639038
339,3.0,30.272590361445783,0.0,0.0,7.2292,0.0,1.0,1.0,0.0,0.0,0.9085,0.8914,0.936,0.953499972820282
340,2.0,18.0,0.0,0.0,10.5,0.0,1.0,0.0,0.0,1.0,0.8845,0.6761,0.6,0.7789000272750854
341,3.0,32.0,0.0,0.0,7.5792,0.0,1.0,0.0,0.0,1.0,0.9043,0.9288,0.78,0.970300018787384
342,3.0,30.272590361445783,1.0,9.0,69.55,0.0,1.0,0.0,0.0,1.0,0.7537,0.9258,0.98,0.9223999977111816
343,1.0,58.0,0.0,1.0,512.3292,1.0,0.0,1.0,0.0,0.0,0.0411,0.1236,0.0,0.049300000071525574
344,3.0,30.272590361445783,1.0,1.0,14.5,0.0,1.0,0.0,0.0,1.0,0.9277,0.9434,0.96,0.9728999733924866
345,3.0,16.0,0.0,0.0,7.65,1.0,0.0,0.0,0.0,1.0,0.4522,0.3058,0.48,0.38100001215934753
346,2.0,26.0,0.0,0.0,13.0,0.0,1.0,0.0,0.0,1.0,0.9197,0.7448,1.0,0.9772999882698059
347,3.0,38.0,0.0,0.0,7.2292,1.0,0.0,1.0,0.0,0.0,0.4606,0.4278,0.34,0.9031000137329102
348,2.0,24.0,0.0,0.0,13.5,0.0,1.0,0.0,0.0,1.0,0.8931,0.7285,1.0,0.991599977016449
349,2.0,31.0,0.0,0.0,21.0,1.0,0.0,0.0,0.0,1.0,0.1146,0.1917,0.02,0.02889999933540821
350,1.0,45.0,0.0,1.0,63.3583,1.0,0.0,1.0,0.0,0.0,0.0722,0.074,0.0,0.03139999881386757
351,2.0,25.0,0.0,0.0,10.5,0.0,1.0,0.0,0.0,1.0,0.8931,0.7367,0.98,0.9851999878883362
352,2.0,18.0,0.0,0.0,73.5,0.0,1.0,0.0,0.0,1.0,0.845,0.6768,0.92,0.9578999876976013
353,2.0,49.0,1.0,2.0,65.0,0.0,1.0,0.0,0.0,1.0,0.7879,0.9101,0.92,0.8772000074386597
354,3.0,0.17,1.0,2.0,20.575,1.0,0.0,0.0,0.0,1.0,0.2287,0.231,0.3,0.2851000130176544
355,1.0,50.0,0.0,0.0,26.0,0.0,1.0,0.0,0.0,1.0,0.7177,0.696,0.64,0.8370000123977661
356,1.0,59.0,2.0,0.0,51.4792,1.0,0.0,0.0,0.0,1.0,0.0842,0.3082,0.04,0.027699999511241913
357,3.0,30.272590361445783,0.0,0.0,7.8792,0.0,1.0,0.0,0.0,1.0,0.9197,0.9239,1.0,0.8873999714851379
358,3.0,30.272590361445783,0.0,0.0,7.75,0.0,1.0,0.0,1.0,0.0,0.913,0.88,1.0,0.9751999974250793
359,3.0,30.0,1.0,0.0,15.55,1.0,0.0,0.0,0.0,1.0,0.6263,0.5296,0.2,0.6534000039100647
360,3.0,14.5,8.0,2.0,69.55,0.0,1.0,0.0,0.0,1.0,0.9435,0.9899,0.98,0.968999981880188
361,2.0,24.0,1.0,1.0,37.0042,1.0,0.0,1.0,0.0,0.0,0.0953,0.141,0.0,0.015799999237060547
362,2.0,31.0,0.0,0.0,21.0,1.0,0.0,0.0,0.0,1.0,0.1146,0.1917,0.02,0.02889999933540821
363,3.0,27.0,0.0,0.0,8.6625,0.0,1.0,0.0,0.0,1.0,0.8584,0.9137,0.98,0.9850000143051147
364,1.0,25.0,1.0,0.0,55.4417,1.0,0.0,1.0,0.0,0.0,0.0688,0.0486,0.0,0.01510000042617321
365,3.0,30.272590361445783,1.0,9.0,69.55,1.0,0.0,0.0,0.0,1.0,0.4079,0.4513,0.56,0.7731999754905701
366,3.0,30.272590361445783,1.0,0.0,14.4583,0.0,1.0,1.0,0.0,0.0,0.9174,0.9211,0.88,0.9297999739646912
367,3.0,22.0,0.0,0.0,39.6875,1.0,0.0,0.0,0.0,1.0,0.5977,0.3619,0.64,0.906000018119812
368,1.0,45.0,0.0,1.0,59.4,1.0,0.0,1.0,0.0,0.0,0.0722,0.074,0.0,0.031199999153614044
369,2.0,29.0,0.0,0.0,13.8583,0.0,1.0,1.0,0.0,0.0,0.8641,0.691,0.36,0.4788999855518341
370,2.0,21.0,1.0,0.0,11.5,0.0,1.0,0.0,0.0,1.0,0.9073,0.7709,0.98,0.9829000234603882
371,1.0,31.0,0.0,0.0,134.5,1.0,0.0,1.0,0.0,0.0,0.0284,0.0443,0.0,0.007799999788403511
372,1.0,49.0,0.0,0.0,0.0,0.0,1.0,0.0,0.0,1.0,0.8913,0.6868,0.82,0.9560999870300293
373,2.0,44.0,0.0,0.0,13.0,0.0,1.0,0.0,0.0,1.0,0.8781,0.8611,0.7323,0.9208999872207642
374,1.0,54.0,1.0,1.0,81.8583,1.0,0.0,0.0,0.0,1.0,0.0663,0.197,0.0,0.027799999341368675
375,1.0,45.0,0.0,0.0,262.375,1.0,0.0,1.0,0.0,0.0,0.0595,0.0773,0.02,0.038600001484155655
376,3.0,22.0,2.0,0.0,8.6625,1.0,0.0,0.0,0.0,1.0,0.7678,0.5338,0.76,0.960099995136261
377,2.0,21.0,0.0,0.0,11.5,0.0,1.0,0.0,0.0,1.0,0.8989,0.703,0.88,0.9843000173568726
378,1.0,55.0,0.0,0.0,50.0,0.0,1.0,0.0,0.0,1.0,0.7624,0.7387,0.96,0.9189000129699707
379,3.0,5.0,4.0,2.0,31.3875,0.0,1.0,0.0,0.0,1.0,0.787,0.9414,0.62,0.7560999989509583
380,3.0,30.272590361445783,0.0,0.0,7.75,0.0,1.0,0.0,1.0,0.0,0.913,0.88,1.0,0.9751999974250793
381,3.0,26.0,0.0,0.0,7.8792,0.0,1.0,0.0,1.0,0.0,0.9151,0.8598,0.62,0.7730000019073486
382,3.0,30.272590361445783,0.0,0.0,14.5,1.0,0.0,0.0,0.0,1.0,0.6031,0.4447,0.28,0.6787999868392944
383,3.0,19.0,1.0,0.0,16.1,1.0,0.0,0.0,0.0,1.0,0.4473,0.4154,0.5,0.7429999709129333
384,2.0,30.272590361445783,0.0,0.0,12.875,0.0,1.0,0.0,0.0,1.0,0.8938,0.7772,1.0,0.8675000071525574
385,2.0,24.0,1.0,2.0,65.0,1.0,0.0,0.0,0.0,1.0,0.0966,0.19,0.0,0.024399999529123306
386,3.0,24.0,0.0,0.0,7.775,0.0,1.0,0.0,0.0,1.0,0.9092,0.9033,0.98,0.9675999879837036
387,2.0,57.0,0.0,0.0,13.0,0.0,1.0,0.0,0.0,1.0,0.8923,0.9144,0.9767,0.9172999858856201
388,3.0,21.0,0.0,0.0,7.75,0.0,1.0,0.0,1.0,0.0,0.8777,0.8326,0.44,0.9427000284194946
389,3.0,6.0,3.0,1.0,21.075,0.0,1.0,0.0,0.0,1.0,0.8551,0.9243,0.74,0.8920999765396118
390,1.0,23.0,0.0,0.0,93.5,0.0,1.0,0.0,0.0,1.0,0.5758,0.4261,0.84,0.8349999785423279
391,1.0,51.0,0.0,1.0,39.4,1.0,0.0,0.0,0.0,1.0,0.1088,0.1318,0.02,0.028599999845027924
392,3.0,13.0,0.0,2.0,20.25,0.0,1.0,0.0,0.0,1.0,0.5563,0.8457,0.5,0.8029999732971191
393,2.0,47.0,0.0,0.0,10.5,0.0,1.0,0.0,0.0,1.0,0.8849,0.8754,0.86,0.8828999996185303
394,3.0,29.0,3.0,1.0,22.025,0.0,1.0,0.0,0.0,1.0,0.943,0.9696,1.0,0.9937999844551086
395,1.0,18.0,1.0,0.0,60.0,1.0,0.0,0.0,0.0,1.0,0.0816,0.0533,0.0,0.039500001817941666
396,3.0,24.0,0.0,0.0,7.25,0.0,1.0,0.0,1.0,0.0,0.8709,0.8494,0.7,0.8935999870300293
397,1.0,48.0,1.0,1.0,79.2,1.0,0.0,1.0,0.0,0.0,0.039,0.1143,0.0,0.013000000268220901
398,3.0,22.0,0.0,0.0,7.775,0.0,1.0,0.0,0.0,1.0,0.9092,0.8957,1.0,0.9714000225067139
399,3.0,31.0,0.0,0.0,7.7333,0.0,1.0,0.0,1.0,0.0,0.895,0.8831,1.0,0.9628000259399414
400,1.0,30.0,0.0,0.0,164.8667,1.0,0.0,0.0,0.0,1.0,0.0842,0.0618,0.0,0.03680000081658363
401,2.0,38.0,1.0,0.0,21.0,0.0,1.0,0.0,0.0,1.0,0.925,0.8728,0.98,0.9736999869346619
402,1.0,22.0,0.0,1.0,59.4,1.0,0.0,1.0,0.0,0.0,0.0504,0.0296,0.0,0.008200000040233135
403,1.0,17.0,0.0,0.0,47.1,0.0,1.0,0.0,0.0,1.0,0.6169,0.3655,0.88,0.8478000164031982
404,1.0,43.0,1.0,0.0,27.7208,0.0,1.0,1.0,0.0,0.0,0.6736,0.6216,0.64,0.8928999900817871
405,2.0,20.0,0.0,0.0,13.8625,0.0,1.0,1.0,0.0,0.0,0.8434,0.6055,0.52,0.7700999975204468
406,2.0,23.0,1.0,0.0,10.5,0.0,1.0,0.0,0.0,1.0,0.9019,0.7854,0.98,0.9850000143051147
407,1.0,50.0,1.0,1.0,211.5,0.0,1.0,1.0,0.0,0.0,0.6382,0.6818,0.92,0.7236999869346619
408,3.0,30.272590361445783,0.0,0.0,7.7208,1.0,0.0,0.0,1.0,0.0,0.3761,0.3258,0.528,0.555400013923645
409,3.0,3.0,1.0,1.0,13.775,1.0,0.0,0.0,0.0,1.0,0.2222,0.2596,0.18,0.1039000004529953
410,3.0,30.272590361445783,0.0,0.0,7.75,1.0,0.0,0.0,1.0,0.0,0.3761,0.3258,0.661,0.6223000288009644
411,1.0,37.0,1.0,0.0,90.0,1.0,0.0,0.0,1.0,0.0,0.0642,0.0702,0.04,0.010999999940395355
412,3.0,28.0,0.0,0.0,7.775,1.0,0.0,0.0,0.0,1.0,0.5508,0.4212,0.848,0.7436000108718872
413,3.0,30.272590361445783,0.0,0.0,8.05,0.0,1.0,0.0,0.0,1.0,0.8781,0.9239,1.0,0.8521999716758728
414,1.0,39.0,0.0,0.0,108.9,1.0,0.0,1.0,0.0,0.0,0.0454,0.0607,0.0,0.008799999952316284
415,3.0,38.5,0.0,0.0,7.25,0.0,1.0,0.0,0.0,1.0,0.961,0.9449,1.0,0.992900013923645
416,3.0,30.272590361445783,0.0,0.0,8.05,0.0,1.0,0.0,0.0,1.0,0.8781,0.9239,1.0,0.8521999716758728
417,3.0,30.272590361445783,1.0,1.0,22.3583,0.0,1.0,1.0,0.0,0.0,0.8222,0.9185,0.54,0.8108999729156494
